0,0,0,0,0,0,0,1,0,0,0,1,0,0.815379,0,0,0,1.337765,0
1,0,0,0,0,0,0,1,0.000002,0,-0.000002,1,0,0.815379,0.000003,0,-0.000003,1.337765,0
2,0,0,0,0,0,0,1,0.000005,0,-0.000005,1,0,0.815379,0.000007,0,-0.000006,1.337765,0
4,0,0,0,0,0,0,1,0.000011,0,-0.000011,1,0,0.815379,0.000014,0,-0.000012,1.337765,0
8,0,0,0,0,0,0,1,0.000022,0,-0.000022,1,0,0.815379,0.000029,0,-0.000025,1.337765,0
17,0,0,0,0,0,0,1,0.000044,0,-0.000044,1,0,0.815379,0.000059,0,-0.00005,1.337765,0
33,0,0,0,0,0,0,1,0.000089,0,-0.000089,1,0,0.815379,0.000119,0,-0.000101,1.337765,0
67,0,0,0,0,0,0,1,0.000178,0,-0.000178,1,0,0.815379,0.000238,0,-0.000203,1.337765,0
134,0,0,0,0,0,0,1,0.000356,0,-0.000356,1,0,0.815379,0.000476,0,-0.000406,1.337765,0
268,0,0,0,0,0,0,1,0.000712,0,-0.000712,1,0,0.815379,0.000953,0,-0.000813,1.337764,0
535,0,0,0,0,0,0,0.999999,0.001425,0,-0.001425,0.999999,0,0.815378,0.001906,0,-0.001626,1.337762,0
1070,0,0,0,0,0,0,0.999996,0.002849,0,-0.002849,0.999996,0,0.815375,0.003812,0,-0.003253,1.337753,0
1606,0,0,0,0,0,0,0.999991,0.004274,0,-0.004274,0.999991,0,0.815369,0.005718,0,-0.004879,1.337737,0
2141,0,0,0,0,0,0,0.999984,0.005699,0,-0.005699,0.999984,0,0.815361,0.007624,0,-0.006506,1.337715,0
2676,0,0,0,0,0,0,0.999975,0.007124,0,-0.007124,0.999975,0,0.81535,0.00953,0,-0.008132,1.337687,0
3212,0,0,0,0,0,0,0.999963,0.008549,0,-0.008549,0.999963,0,0.815338,0.011436,0,-0.009758,1.337652,0
4282,0,0,0,0,0,0,0.999935,0.011399,0,-0.011399,0.999935,0,0.815305,0.015248,0,-0.013011,1.337564,0
5353,0,0,0,0,0,0,0.999898,0.014248,0,-0.014248,0.999898,0,0.815264,0.01906,0,-0.016263,1.33745,0
6424,0,0,0,0,0,0,0.999854,0.017098,0,-0.017098,0.999854,0,0.815213,0.022871,0,-0.019515,1.337312,0
7494,0,0,0,0,0,0,0.999801,0.019947,0,-0.019947,0.999801,0,0.815152,0.026682,0,-0.022766,1.337148,0
8565,0,0,0,0,0,0,0.99974,0.022796,0,-0.022796,0.99974,0,0.815083,0.030492,0,-0.026017,1.33696,0
9635,0,0,0,0,0,0,0.999671,0.025645,0,-0.025645,0.999671,0,0.815004,0.034302,0,-0.029267,1.336746,0
11777,0,0,0,0,0,0,0.999509,0.031342,0,-0.031342,0.999509,0,0.814819,0.04192,0,-0.035764,1.336244,0
13918,0,0,0,0,0,0,0.999314,0.037039,0,-0.037039,0.999314,0,0.814596,0.049534,0,-0.042258,1.335641,0
16059,0,0,0,0,0,0,0.999086,0.042734,0,-0.042734,0.999086,0,0.814337,0.057145,0,-0.048747,1.33494,0
18200,0,0,0,0,0,0,0.998827,0.048427,0,-0.048427,0.998827,0,0.814041,0.064751,0,-0.055231,1.334139,0
20341,0,0,0,0,0,0,0.998534,0.05412,0,-0.05412,0.998534,0,0.813707,0.072353,0,-0.061709,1.33324,0
22483,0,0,0,0,0,0,0.99821,0.05981,0,-0.05981,0.99821,0,0.813337,0.079949,0,-0.06818,1.332243,0
24624,0,0,0,0,0,0,0.997853,0.065498,0,-0.065498,0.997853,0,0.81293,0.087539,0,-0.074644,1.331149,0
26765,0,0,0,0,0,0,0.997463,0.071185,0,-0.071185,0.997463,0,0.812486,0.095123,0,-0.0811,1.329958,0
28906,0,0,0,0,0,0,0.997041,0.076869,0,-0.076869,0.997041,0,0.812006,0.1027,0,-0.087547,1.328672,0
31047,0,0,0,0,0,0,0.996587,0.08255,0,-0.08255,0.996587,0,0.811488,0.110269,0,-0.093985,1.32729,0
33189,0,0,0,0,0,0,0.9961,0.088229,0,-0.088229,0.9961,0,0.810934,0.117829,0,-0.100412,1.325814,0
37471,0,0,0,0,0,0,0.99503,0.099578,0,-0.099578,0.99503,0,0.809717,0.132925,0,-0.113233,1.322583,0
41754,0,0,0,0,0,0,0.99383,0.110914,0,-0.110914,0.99383,0,0.808353,0.147981,0,-0.126003,1.318987,0
46036,0,0,0,0,0,0,0.992501,0.122235,0,-0.122235,0.992501,0,0.806844,0.162994,0,-0.138716,1.315033,0
50318,0,0,0,0,0,0,0.991043,0.133541,0,-0.133541,0.991043,0,0.805191,0.17796,0,-0.151367,1.31073,0
54601,0,0,0,0,0,0,0.989457,0.144829,0,-0.144829,0.989457,0,0.803394,0.192876,0,-0.163949,1.306088,0
58883,0,0,0,0,0,0,0.987742,0.156098,0,-0.156098,0.987742,0,0.801453,0.207736,0,-0.176456,1.301116,0
63166,0,0,0,0,0,0,0.985898,0.167347,0,-0.167347,0.985898,0,0.799371,0.222538,0,-0.188881,1.295824,0
67448,0,0,0,0,0,0,0.983926,0.178575,0,-0.178575,0.983926,0,0.797147,0.237278,0,-0.201219,1.290223,0
71731,0,0,0,0,0,0,0.981827,0.189779,0,-0.189779,0.981827,0,0.794784,0.251952,0,-0.213462,1.284323,0
76013,0,0,0,0,0,0,0.9796,0.200958,0,-0.200958,0.9796,0,0.792281,0.266557,0,-0.225605,1.278135,0
80295,0,0,0,0,0,0,0.977245,0.212112,0,-0.212112,0.977245,0,0.789641,0.28109,0,-0.237642,1.271669,0
84578,0,0,0,0,0,0,0.974764,0.223238,0,-0.223238,0.974764,0,0.786864,0.295548,0,-0.249567,1.264937,0
88860,0,0,0,0,0,0,0.972156,0.234334,0,-0.234334,0.972156,0,0.783951,0.309928,0,-0.261374,1.257948,0
93143,0,0,0,0,0,0,0.969422,0.245401,0,-0.245401,0.969422,0,0.780905,0.324227,0,-0.273058,1.250714,0
97425,0,0,0,0,0,0,0.966561,0.256435,0,-0.256435,0.966561,0,0.777727,0.338441,0,-0.284613,1.243245,0
101708,0,0,0,0,0,0,0.963576,0.267436,0,-0.267436,0.963576,0,0.774417,0.35257,0,-0.296035,1.235551,0
105990,0,0,0,0,0,0,0.960464,0.278403,0,-0.278403,0.960464,0,0.770978,0.366609,0,-0.307318,1.227643,0
110272,0,0,0,0,0,0,0.957229,0.289333,0,-0.289333,0.957229,0,0.767411,0.380557,0,-0.318458,1.219531,0
114555,0,0,0,0,0,0,0.953868,0.300226,0,-0.300226,0.953868,0,0.763718,0.394412,0,-0.329451,1.211224,0
118837,0,0,0,0,0,0,0.950384,0.311079,0,-0.311079,0.950384,0,0.759901,0.408171,0,-0.340292,1.202733,0
123120,0,0,0,0,0,0,0.946776,0.321892,0,-0.321892,0.946776,0,0.755961,0.421832,0,-0.350979,1.194066,0
127402,0,0,0,0,0,0,0.943045,0.332664,0,-0.332664,0.943045,0,0.7519,0.435393,0,-0.361507,1.185233,0
131685,0,0,0,0,0,0,0.939192,0.343392,0,-0.343392,0.939192,0,0.747719,0.448853,0,-0.371874,1.176243,0
135967,0,0,0,0,0,0,0.935217,0.354076,0,-0.354076,0.935217,0,0.743422,0.462209,0,-0.382077,1.167103,0
140249,0,0,0,0,0,0,0.93112,0.364713,0,-0.364713,0.93112,0,0.739009,0.47546,0,-0.392114,1.157823,0
144532,0,0,0,0,0,0,0.926902,0.375303,0,-0.375303,0.926902,0,0.734483,0.488605,0,-0.401981,1.148411,0
148814,0,0,0,0,0,0,0.922564,0.385845,0,-0.385845,0.922564,0,0.729845,0.501642,0,-0.411678,1.138873,0
153097,0,0,0,0,0,0,0.918106,0.396336,0,-0.396336,0.918106,0,0.725098,0.514569,0,-0.421203,1.129219,0
157379,0,0,0,0,0,0,0.913528,0.406776,0,-0.406776,0.913528,0,0.720243,0.527386,0,-0.430554,1.119454,0
161662,0,0,0,0,0,0,0.908832,0.417162,0,-0.417162,0.908832,0,0.715283,0.540091,0,-0.439731,1.109587,0
165944,0,0,0,0,0,0,0.904018,0.427495,0,-0.427495,0.904018,0,0.710219,0.552682,0,-0.448732,1.099622,0
170226,0,0,0,0,0,0,0.899086,0.437772,0,-0.437772,0.899086,0,0.705053,0.56516,0,-0.457556,1.089568,0
174509,0,0,0,0,0,0,0.894037,0.447992,0,-0.447992,0.894037,0,0.699788,0.577522,0,-0.466204,1.07943,0
178791,0,0,0,0,0,0,0.888873,0.458154,0,-0.458154,0.888873,0,0.694425,0.589769,0,-0.474675,1.069213,0
187356,0,0,0,0,0,0,0.878197,0.478299,0,-0.478299,0.878197,0,0.683415,0.613911,0,-0.491088,1.048568,0
195921,0,0,0,0,0,0,0.867066,0.498194,0,-0.498194,0.867066,0,0.672038,0.637579,0,-0.506796,1.027675,0
204486,0,0,0,0,0,0,0.855483,0.517831,0,-0.517831,0.855483,0,0.660312,0.660768,0,-0.521805,1.006572,0
213051,0,0,0,0,0,0,0.843456,0.537198,0,-0.537198,0.843456,0,0.648251,0.683474,0,-0.536122,0.985294,0
221616,0,0,0,0,0,0,0.830991,0.556286,0,-0.556286,0.830991,0,0.635871,0.705693,0,-0.549756,0.963871,0
230180,0,0,0,0,0,0,0.818093,0.575085,0,-0.575085,0.818093,0,0.623189,0.727423,0,-0.562718,0.942333,0
238745,0,0,0,0,0,0,0.804771,0.593586,0,-0.593586,0.804771,0,0.610218,0.74866,0,-0.57502,0.920703,0
247310,0,0,0,0,0,0,0.79103,0.611777,0,-0.611777,0.79103,0,0.596975,0.769403,0,-0.586675,0.899005,0
255875,0,0,0,0,0,0,0.776878,0.629651,0,-0.629651,0.776878,0,0.583472,0.789651,0,-0.597698,0.877257,0
264440,0,0,0,0,0,0,0.762322,0.647198,0,-0.647198,0.762322,0,0.569726,0.809403,0,-0.608103,0.855477,0
273005,0,0,0,0,0,0,0.74737,0.664408,0,-0.664408,0.74737,0,0.555749,0.828658,0,-0.617905,0.833678,0
281570,0,0,0,0,0,0,0.73203,0.681272,0,-0.681272,0.73203,0,0.541556,0.847416,0,-0.62712,0.811875,0
290135,0,0,0,0,0,0,0.716309,0.697783,0,-0.697783,0.716309,0,0.527159,0.865677,0,-0.635762,0.790077,0
298699,0,0,0,0,0,0,0.700216,0.713931,0,-0.713931,0.700216,0,0.512571,0.883442,0,-0.643849,0.768292,0
307264,0,0,0,0,0,0,0.683759,0.729708,0,-0.729708,0.683759,0,0.497805,0.900709,0,-0.651395,0.746528,0
315829,0,0,0,0,0,0,0.666946,0.745106,0,-0.745106,0.666946,0,0.482874,0.917481,0,-0.658415,0.72479,0
324394,0,0,0,0,0,0,0.649787,0.760116,0,-0.760116,0.649787,0,0.467788,0.933758,0,-0.664926,0.703081,0
332959,0,0,0,0,0,0,0.63229,0.774731,0,-0.774731,0.63229,0,0.452559,0.94954,0,-0.670942,0.681403,0
341524,0,0,0,0,0,0,0.614465,0.788944,0,-0.788944,0.614465,0,0.437198,0.964828,0,-0.676479,0.659757,0
350089,0,0,0,0,0,0,0.59632,0.802747,0,-0.802747,0.59632,0,0.421717,0.979623,0,-0.68155,0.638143,0
358653,0,0,0,0,0,0,0.577865,0.816132,0,-0.816132,0.577865,0,0.406125,0.993926,0,-0.68617,0.616558,0
367218,0,0,0,0,0,0,0.55911,0.829093,0,-0.829093,0.55911,0,0.390433,1.007736,0,-0.690354,0.594999,0
375783,0,0,0,0,0,0,0.540064,0.841624,0,-0.841624,0.540064,0,0.37465,1.021056,0,-0.694116,0.573463,0
384348,0,0,0,0,0,0,0.520738,0.853716,0,-0.853716,0.520738,0,0.358787,1.033885,0,-0.697469,0.551944,0
392913,0,0,0,0,0,0,0.501141,0.865366,0,-0.865366,0.501141,0,0.342851,1.046223,0,-0.700428,0.530436,0
401478,0,0,0,0,0,0,0.481283,0.876565,0,-0.876565,0.481283,0,0.326852,1.058071,0,-0.703007,0.508933,0
410043,0,0,0,0,0,0,0.461176,0.887309,0,-0.887309,0.461176,0,0.310799,1.069429,0,-0.705219,0.487425,0
418607,0,0,0,0,0,0,0.440828,0.897591,0,-0.897591,0.440828,0,0.294699,1.080296,0,-0.707078,0.465905,0
427172,0,0,0,0,0,0,0.420252,0.907407,0,-0.907407,0.420252,0,0.278561,1.090672,0,-0.7086,0.444364,0
435737,0,0,0,0,0,0,0.399457,0.916752,0,-0.916752,0.399457,0,0.262391,1.100557,0,-0.709798,0.422791,0
444302,0,0,0,0,0,0,0.378454,0.92562,0,-0.92562,0.378454,0,0.246198,1.10995,0,-0.710687,0.401176,0
452867,0,0,0,0,0,0,0.357255,0.934007,0,-0.934007,0.357255,0,0.229988,1.118849,0,-0.711283,0.379508,0
461432,0,0,0,0,0,0,0.33587,0.941908,0,-0.941908,0.33587,0,0.213768,1.127254,0,-0.711603,0.357778,0
469997,0,0,0,0,0,0,0.314311,0.94932,0,-0.94932,0.314311,0,0.197544,1.135162,0,-0.711663,0.335974,0
478561,0,0,0,0,0,0,0.292588,0.956239,0,-0.956239,0.292588,0,0.18132,1.142573,0,-0.711481,0.314085,0
487126,0,0,0,0,0,0,0.270713,0.96266,0,-0.96266,0.270713,0,0.165104,1.149483,0,-0.711076,0.292102,0
495691,0,0,0,0,0,0,0.248697,0.968581,0,-0.968581,0.248697,0,0.148899,1.155891,0,-0.710467,0.270015,0
504256,0,0,0,0,0,0,0.226552,0.973999,0,-0.973999,0.226552,0,0.13271,1.161794,0,-0.709674,0.247817,0
512821,0,0,0,0,0,0,0.20429,0.97891,0,-0.97891,0.20429,0,0.116541,1.16719,0,-0.708719,0.225501,0
521386,0,0,0,0,0,0,0.181921,0.983313,0,-0.983313,0.181921,0,0.100396,1.172075,0,-0.707623,0.203061,0
529951,0,0,0,0,0,0,0.159458,0.987205,0,-0.987205,0.159458,0,0.084277,1.176448,0,-0.706409,0.180494,0
538515,0,0,0,0,0,0,0.136911,0.990583,0,-0.990583,0.136911,0,0.068186,1.180304,0,-0.7051,0.157801,0
547080,0,0,0,0,0,0,0.114294,0.993447,0,-0.993447,0.114294,0,0.052127,1.183642,0,-0.703717,0.134982,0
555645,0,0,0,0,0,0,0.091617,0.995794,0,-0.995794,0.091617,0,0.036099,1.186458,0,-0.702283,0.112043,0
564210,0,0,0,0,0,0,0.068893,0.997624,0,-0.997624,0.068893,0,0.020105,1.18875,0,-0.700819,0.088991,0
572775,0,0,0,0,0,0,0.046133,0.998935,0,-0.998935,0.046133,0,0.004144,1.190515,0,-0.699344,0.065837,0
581340,0,0,0,0,0,0,0.023348,0.999727,0,-0.999727,0.023348,0,-0.011783,1.191751,0,-0.697877,0.042594,0
589048,0,0,0,0,0,0,0.002832,0.999996,0,-0.999996,0.002832,0,-0.026089,1.19241,0,-0.696575,0.021612,0
596757,0,0,0,0,0,0,-0.017686,0.999844,0,-0.999844,-0.017686,0,-0.040369,1.192638,0,-0.6953,0.000584,0
604465,0,0,0,0,0,0,-0.038196,0.99927,0,-0.99927,-0.038196,0,-0.054622,1.192434,0,-0.694059,-0.020474,0
612173,0,0,0,0,0,0,-0.05869,0.998276,0,-0.998276,-0.05869,0,-0.068851,1.191797,0,-0.692856,-0.041549,0
619882,0,0,0,0,0,0,-0.07916,0.996862,0,-0.996862,-0.07916,0,-0.083056,1.190729,0,-0.691693,-0.062625,0
627590,0,0,0,0,0,0,-0.099596,0.995028,0,-0.995028,-0.099596,0,-0.097237,1.189228,0,-0.69057,-0.083684,0
635298,0,0,0,0,0,0,-0.11999,0.992775,0,-0.992775,-0.11999,0,-0.111395,1.187295,0,-0.689482,-0.104713,0
643007,0,0,0,0,0,0,-0.140334,0.990104,0,-0.990104,-0.140334,0,-0.125531,1.184931,0,-0.688425,-0.125696,0
650715,0,0,0,0,0,0,-0.160618,0.987017,0,-0.987017,-0.160618,0,-0.139646,1.182137,0,-0.687391,-0.146619,0
658424,0,0,0,0,0,0,-0.180835,0.983513,0,-0.983513,-0.180835,0,-0.15374,1.178914,0,-0.686369,-0.16747,0
666132,0,0,0,0,0,0,-0.200976,0.979596,0,-0.979596,-0.200976,0,-0.167813,1.175265,0,-0.685347,-0.188237,0
673840,0,0,0,0,0,0,-0.221033,0.975266,0,-0.975266,-0.221033,0,-0.181865,1.17119,0,-0.684314,-0.208911,0
681549,0,0,0,0,0,0,-0.240996,0.970526,0,-0.970526,-0.240996,0,-0.195895,1.166693,0,-0.683253,-0.229486,0
689257,0,0,0,0,0,0,-0.260857,0.965377,0,-0.965377,-0.260857,0,-0.209903,1.161774,0,-0.68215,-0.249954,0
696965,0,0,0,0,0,0,-0.280609,0.959822,0,-0.959822,-0.280609,0,-0.223888,1.156436,0,-0.680988,-0.270312,0
704674,0,0,0,0,0,0,-0.300243,0.953863,0,-0.953863,-0.300243,0,-0.237848,1.150682,0,-0.679751,-0.290558,0
712382,0,0,0,0,0,0,-0.319751,0.947502,0,-0.947502,-0.319751,0,-0.251783,1.144513,0,-0.678424,-0.310691,0
720091,0,0,0,0,0,0,-0.339123,0.940742,0,-0.940742,-0.339123,0,-0.265688,1.137932,0,-0.676988,-0.330713,0
727799,0,0,0,0,0,0,-0.358353,0.933586,0,-0.933586,-0.358353,0,-0.279563,1.130942,0,-0.675429,-0.350626,0
735507,0,0,0,0,0,0,-0.377432,0.926037,0,-0.926037,-0.377432,0,-0.293405,1.123544,0,-0.673731,-0.370432,0
743216,0,0,0,0,0,0,-0.396353,0.918098,0,-0.918098,-0.396353,0,-0.30721,1.115741,0,-0.671877,-0.390136,0
750924,0,0,0,0,0,0,-0.415106,0.909773,0,-0.909773,-0.415106,0,-0.320976,1.107535,0,-0.669854,-0.409744,0
758632,0,0,0,0,0,0,-0.433685,0.901065,0,-0.901065,-0.433685,0,-0.334698,1.098927,0,-0.667646,-0.42926,0
766341,0,0,0,0,0,0,-0.452081,0.891977,0,-0.891977,-0.452081,0,-0.348373,1.08992,0,-0.665241,-0.448692,0
774049,0,0,0,0,0,0,-0.470286,0.882514,0,-0.882514,-0.470286,0,-0.361996,1.080515,0,-0.662624,-0.468044,0
781758,0,0,0,0,0,0,-0.488294,0.872679,0,-0.872679,-0.488294,0,-0.375564,1.070713,0,-0.659782,-0.487325,0
789466,0,0,0,0,0,0,-0.506096,0.862477,0,-0.862477,-0.506096,0,-0.38907,1.060517,0,-0.656705,-0.506539,0
797174,0,0,0,0,0,0,-0.523685,0.851912,0,-0.851912,-0.523685,0,-0.402511,1.049927,0,-0.653378,-0.525694,0
804883,0,0,0,0,0,0,-0.541054,0.840988,0,-0.840988,-0.541054,0,-0.415881,1.038944,0,-0.649792,-0.544796,0
812591,0,0,0,0,0,0,-0.558195,0.82971,0,-0.82971,-0.558195,0,-0.429175,1.02757,0,-0.645934,-0.56385,0
820299,0,0,0,0,0,0,-0.5751,0.818083,0,-0.818083,-0.5751,0,-0.442387,1.015805,0,-0.641793,-0.582862,0
828008,0,0,0,0,0,0,-0.591764,0.806111,0,-0.806111,-0.591764,0,-0.455511,1.003651,0,-0.637358,-0.601837,0
835716,0,0,0,0,0,0,-0.608179,0.7938,0,-0.7938,-0.608179,0,-0.46854,0.991108,0,-0.632619,-0.62078,0
843425,0,0,0,0,0,0,-0.624337,0.781155,0,-0.781155,-0.624337,0,-0.481469,0.978176,0,-0.627565,-0.639695,0
851133,0,0,0,0,0,0,-0.640233,0.768181,0,-0.768181,-0.640233,0,-0.494292,0.964857,0,-0.622185,-0.658585,0
858841,0,0,0,0,0,0,-0.655859,0.754883,0,-0.754883,-0.655859,0,-0.507,0.95115,0,-0.616469,-0.677454,0
866550,0,0,0,0,0,0,-0.671209,0.741268,0,-0.741268,-0.671209,0,-0.519587,0.937056,0,-0.610406,-0.696303,0
874258,0,0,0,0,0,0,-0.686277,0.727341,0,-0.727341,-0.686277,0,-0.532047,0.922576,0,-0.603986,-0.715134,0
881966,0,0,0,0,0,0,-0.701055,0.713107,0,-0.713107,-0.701055,0,-0.544371,0.907709,0,-0.597198,-0.733948,0
889675,0,0,0,0,0,0,-0.715538,0.698573,0,-0.698573,-0.715538,0,-0.556552,0.892457,0,-0.590031,-0.752745,0
897383,0,0,0,0,0,0,-0.729721,0.683745,0,-0.683745,-0.729721,0,-0.568581,0.876819,0,-0.582475,-0.771524,0
905092,0,0,0,0,0,0,-0.743595,0.66863,0,-0.66863,-0.743595,0,-0.580452,0.860795,0,-0.574519,-0.790283,0
912800,0,0,0,0,0,0,-0.757157,0.653233,0,-0.653233,-0.757157,0,-0.592155,0.844388,0,-0.566153,-0.80902,0
920508,0,0,0,0,0,0,-0.7704,0.63756,0,-0.63756,-0.7704,0,-0.603682,0.827596,0,-0.557365,-0.827732,0
928217,0,0,0,0,0,0,-0.783319,0.62162,0,-0.62162,-0.783319,0,-0.615025,0.81042,0,-0.548144,-0.846413,0
935925,0,0,0,0,0,0,-0.795908,0.605417,0,-0.605417,-0.795908,0,-0.626174,0.792861,0,-0.53848,-0.865058,0
943633,0,0,0,0,0,0,-0.808162,0.58896,0,-0.58896,-0.808162,0,-0.63712,0.774921,0,-0.528362,-0.88366,0
951342,0,0,0,0,0,0,-0.820076,0.572255,0,-0.572255,-0.820076,0,-0.647853,0.756599,0,-0.51778,-0.902211,0
959050,0,0,0,0,0,0,-0.831644,0.555309,0,-0.555309,-0.831644,0,-0.658365,0.737897,0,-0.506723,-0.920703,0
966759,0,0,0,0,0,0,-0.842863,0.538129,0,-0.538129,-0.842863,0,-0.668644,0.718816,0,-0.495182,-0.939124,0
974467,0,0,0,0,0,0,-0.853726,0.520722,0,-0.520722,-0.853726,0,-0.678682,0.699358,0,-0.483145,-0.957462,0
982175,0,0,0,0,0,0,-0.86423,0.503097,0,-0.503097,-0.86423,0,-0.688468,0.679525,0,-0.470605,-0.975705,0
989884,0,0,0,0,0,0,-0.87437,0.485259,0,-0.485259,-0.87437,0,-0.697991,0.659319,0,-0.457553,-0.993836,0
997592,0,0,0,0,0,0,-0.884142,0.467217,0,-0.467217,-0.884142,0,-0.707241,0.638742,0,-0.44398,-1.01184,0
1005300,0,0,0,0,0,0,-0.893542,0.448979,0,-0.448979,-0.893542,0,-0.716207,0.617797,0,-0.429879,-1.029698,0
1013009,0,0,0,0,0,0,-0.902566,0.430552,0,-0.430552,-0.902566,0,-0.724878,0.596487,0,-0.415245,-1.04739,0
1020717,0,0,0,0,0,0,-0.91121,0.411943,0,-0.411943,-0.91121,0,-0.733244,0.574816,0,-0.400072,-1.064892,0
1028426,0,0,0,0,0,0,-0.91947,0.393161,0,-0.393161,-0.91947,0,-0.741293,0.552788,0,-0.384357,-1.082183,0
1036134,0,0,0,0,0,0,-0.927343,0.374213,0,-0.374213,-0.927343,0,-0.749013,0.530408,0,-0.368098,-1.099234,0
1043842,0,0,0,0,0,0,-0.934825,0.355108,0,-0.355108,-0.934825,0,-0.756395,0.50768,0,-0.351294,-1.116018,0
1051551,0,0,0,0,0,0,-0.941914,0.335853,0,-0.335853,-0.941914,0,-0.763426,0.484612,0,-0.333948,-1.132503,0
1059259,0,0,0,0,0,0,-0.948607,0.316457,0,-0.316457,-0.948607,0,-0.770095,0.461208,0,-0.316064,-1.148657,0
1066967,0,0,0,0,0,0,-0.9549,0.296927,0,-0.296927,-0.9549,0,-0.776392,0.437476,0,-0.297648,-1.164444,0
1074676,0,0,0,0,0,0,-0.960791,0.277273,0,-0.277273,-0.960791,0,-0.782306,0.413425,0,-0.27871,-1.179826,0
1082384,0,0,0,0,0,0,-0.966278,0.257502,0,-0.257502,-0.966278,0,-0.787826,0.389063,0,-0.259261,-1.194763,0
1090093,0,0,0,0,0,0,-0.971358,0.237623,0,-0.237623,-0.971358,0,-0.792942,0.364399,0,-0.239318,-1.20921,0
1097801,0,0,0,0,0,0,-0.976028,0.217643,0,-0.217643,-0.976028,0,-0.797644,0.339444,0,-0.2189,-1.223123,0
1105509,0,0,0,0,0,0,-0.980288,0.197572,0,-0.197572,-0.980288,0,-0.801922,0.314209,0,-0.198027,-1.236453,0
1113218,0,0,0,0,0,0,-0.984136,0.177417,0,-0.177417,-0.984136,0,-0.805768,0.288707,0,-0.176726,-1.249149,0
1120926,0,0,0,0,0,0,-0.987569,0.157188,0,-0.157188,-0.987569,0,-0.809172,0.262952,0,-0.155026,-1.261159,0
1128634,0,0,0,0,0,0,-0.990586,0.136893,0,-0.136893,-0.990586,0,-0.812127,0.236958,0,-0.132958,-1.272428,0
1136343,0,0,0,0,0,0,-0.993186,0.11654,0,-0.11654,-0.993186,0,-0.814626,0.210741,0,-0.110559,-1.282899,0
1144051,0,0,0,0,0,0,-0.995368,0.096138,0,-0.096138,-0.995368,0,-0.816662,0.184317,0,-0.087866,-1.292515,0
1151760,0,0,0,0,0,0,-0.997131,0.075696,0,-0.075696,-0.997131,0,-0.81823,0.157706,0,-0.064918,-1.301217,0
1159468,0,0,0,0,0,0,-0.998474,0.055222,0,-0.055222,-0.998474,0,-0.819325,0.130925,0,-0.041759,-1.308947,0
1166405,0,0,0,0,0,0,-0.999324,0.036775,0,-0.036775,-0.999324,0,-0.819902,0.106696,0,-0.020769,-1.315026,0
1173343,0,0,0,0,0,0,-0.999832,0.018315,0,-0.018315,-0.999832,0,-0.820091,0.082362,0,0.000326,-1.320232,0
1180280,0,0,0,0,0,0,-1,-0.00015,0,0.00015,-1,0,-0.81989,0.057941,0,0.021496,-1.324526,0
1187218,0,0,0,0,0,0,-0.999827,-0.018616,0,0.018616,-0.999827,0,-0.819297,0.033449,0,0.042711,-1.327874,0
1193462,0,0,0,0,0,0,-0.999379,-0.03523,0,0.03523,-0.999379,0,-0.818428,0.01136,0,0.061816,-1.330052,0
1199706,0,0,0,0,0,0,-0.998656,-0.051834,0,0.051834,-0.998656,0,-0.817242,-0.010758,0,0.080913,-1.331419,0
1205949,0,0,0,0,0,0,-0.997656,-0.068424,0,0.068424,-0.997656,0,-0.815739,-0.032892,0,0.099979,-1.331957,0
1212193,0,0,0,0,0,0,-0.996381,-0.084995,0,0.084995,-0.996381,0,-0.813919,-0.055028,0,0.118997,-1.331656,0
1218437,0,0,0,0,0,0,-0.994831,-0.101542,0,0.101542,-0.994831,0,-0.811784,-0.077152,0,0.137948,-1.330507,0
1224681,0,0,0,0,0,0,-0.993006,-0.118062,0,0.118062,-0.993006,0,-0.809334,-0.099249,0,0.156814,-1.328507,0
1230925,0,0,0,0,0,0,-0.990907,-0.134548,0,0.134548,-0.990907,0,-0.806572,-0.121307,0,0.175578,-1.325657,0
1237168,0,0,0,0,0,0,-0.988534,-0.150998,0,0.150998,-0.988534,0,-0.803498,-0.14331,0,0.194223,-1.321962,0
1242788,0,0,0,0,0,0,-0.986165,-0.165767,0,0.165767,-0.986165,0,-0.800468,-0.163054,0,0.210888,-1.317924,0
1248407,0,0,0,0,0,0,-0.983575,-0.180499,0,0.180499,-0.983575,0,-0.79719,-0.182734,0,0.227432,-1.313221,0
1254027,0,0,0,0,0,0,-0.980765,-0.195191,0,0.195191,-0.980765,0,-0.793665,-0.202338,0,0.243844,-1.307866,0
1259646,0,0,0,0,0,0,-0.977736,-0.209839,0,0.209839,-0.977736,0,-0.789896,-0.221857,0,0.260111,-1.301877,0
1265265,0,0,0,0,0,0,-0.974488,-0.22444,0,0.22444,-0.974488,0,-0.785884,-0.241282,0,0.276223,-1.29527,0
1270885,0,0,0,0,0,0,-0.971022,-0.238991,0,0.238991,-0.971022,0,-0.781633,-0.260603,0,0.292166,-1.288066,0
1276504,0,0,0,0,0,0,-0.967339,-0.253488,0,0.253488,-0.967339,0,-0.777145,-0.279813,0,0.30793,-1.280287,0
1282124,0,0,0,0,0,0,-0.963439,-0.267929,0,0.267929,-0.963439,0,-0.772422,-0.298902,0,0.323502,-1.271956,0
1287743,0,0,0,0,0,0,-0.959323,-0.282309,0,0.282309,-0.959323,0,-0.767468,-0.317862,0,0.338872,-1.263097,0
1293362,0,0,0,0,0,0,-0.954993,-0.296627,0,0.296627,-0.954993,0,-0.762285,-0.336686,0,0.354027,-1.253735,0
1298982,0,0,0,0,0,0,-0.95045,-0.310878,0,0.310878,-0.95045,0,-0.756878,-0.355367,0,0.368957,-1.243894,0
1304601,0,0,0,0,0,0,-0.945694,-0.32506,0,0.32506,-0.945694,0,-0.751249,-0.373897,0,0.383651,-1.233602,0
1310221,0,0,0,0,0,0,-0.940726,-0.339168,0,0.339168,-0.940726,0,-0.745402,-0.392269,0,0.398098,-1.222882,0
1315840,0,0,0,0,0,0,-0.935547,-0.353201,0,0.353201,-0.935547,0,-0.739341,-0.410479,0,0.412289,-1.211761,0
1321459,0,0,0,0,0,0,-0.93016,-0.367155,0,0.367155,-0.93016,0,-0.733069,-0.428519,0,0.426214,-1.200264,0
1327079,0,0,0,0,0,0,-0.924564,-0.381027,0,0.381027,-0.924564,0,-0.726591,-0.446384,0,0.439864,-1.188415,0
1332698,0,0,0,0,0,0,-0.918761,-0.394814,0,0.394814,-0.918761,0,-0.719911,-0.46407,0,0.453232,-1.176239,0
1338318,0,0,0,0,0,0,-0.912753,-0.408512,0,0.408512,-0.912753,0,-0.713034,-0.481571,0,0.466311,-1.163758,0
1343937,0,0,0,0,0,0,-0.906541,-0.422119,0,0.422119,-0.906541,0,-0.705963,-0.498884,0,0.479094,-1.150995,0
1349556,0,0,0,0,0,0,-0.900125,-0.435631,0,0.435631,-0.900125,0,-0.698703,-0.516003,0,0.491576,-1.137971,0
1355176,0,0,0,0,0,0,-0.893509,-0.449046,0,0.449046,-0.893509,0,-0.691258,-0.532926,0,0.503751,-1.124708,0
1360795,0,0,0,0,0,0,-0.886692,-0.462361,0,0.462361,-0.886692,0,-0.683634,-0.549649,0,0.515617,-1.111225,0
1366415,0,0,0,0,0,0,-0.879677,-0.475571,0,0.475571,-0.879677,0,-0.675834,-0.566169,0,0.527169,-1.097542,0
1372034,0,0,0,0,0,0,-0.872465,-0.488676,0,0.488676,-0.872465,0,-0.667865,-0.582482,0,0.538405,-1.083676,0
1377653,0,0,0,0,0,0,-0.865058,-0.501671,0,0.501671,-0.865058,0,-0.659729,-0.598587,0,0.549323,-1.069645,0
1383273,0,0,0,0,0,0,-0.857458,-0.514554,0,0.514554,-0.857458,0,-0.651432,-0.614481,0,0.559923,-1.055465,0
1388892,0,0,0,0,0,0,-0.849665,-0.527322,0,0.527322,-0.849665,0,-0.64298,-0.630162,0,0.570204,-1.041151,0
1394512,0,0,0,0,0,0,-0.841683,-0.539972,0,0.539972,-0.841683,0,-0.634376,-0.645628,0,0.580166,-1.026719,0
1400131,0,0,0,0,0,0,-0.833512,-0.552501,0,0.552501,-0.833512,0,-0.625625,-0.660877,0,0.58981,-1.012181,0
1405750,0,0,0,0,0,0,-0.825155,-0.564907,0,0.564907,-0.825155,0,-0.616733,-0.675908,0,0.599137,-0.99755,0
1411370,0,0,0,0,0,0,-0.816613,-0.577186,0,0.577186,-0.816613,0,-0.607703,-0.69072,0,0.608149,-0.98284,0
1416989,0,0,0,0,0,0,-0.807888,-0.589336,0,0.589336,-0.807888,0,-0.598541,-0.705311,0,0.616849,-0.96806,0
1422609,0,0,0,0,0,0,-0.798983,-0.601354,0,0.601354,-0.798983,0,-0.589251,-0.71968,0,0.625238,-0.953221,0
1428228,0,0,0,0,0,0,-0.789899,-0.613237,0,0.613237,-0.789899,0,-0.579837,-0.733827,0,0.63332,-0.938334,0
1433847,0,0,0,0,0,0,-0.780638,-0.624984,0,0.624984,-0.780638,0,-0.570306,-0.747751,0,0.641099,-0.923408,0
1439467,0,0,0,0,0,0,-0.771202,-0.63659,0,0.63659,-0.771202,0,-0.56066,-0.761452,0,0.648577,-0.90845,0
1445086,0,0,0,0,0,0,-0.761594,-0.648054,0,0.648054,-0.761594,0,-0.550904,-0.774928,0,0.655759,-0.89347,0
1450706,0,0,0,0,0,0,-0.751816,-0.659373,0,0.659373,-0.751816,0,-0.541043,-0.788181,0,0.662649,-0.878473,0
1456325,0,0,0,0,0,0,-0.741869,-0.670545,0,0.670545,-0.741869,0,-0.531082,-0.801209,0,0.66925,-0.863467,0
1461944,0,0,0,0,0,0,-0.731756,-0.681566,0,0.681566,-0.731756,0,-0.521023,-0.814012,0,0.675568,-0.848458,0
1467564,0,0,0,0,0,0,-0.72148,-0.692435,0,0.692435,-0.72148,0,-0.510873,-0.826591,0,0.681606,-0.833452,0
1473183,0,0,0,0,0,0,-0.711042,-0.703149,0,0.703149,-0.711042,0,-0.500634,-0.838946,0,0.687369,-0.818453,0
1478803,0,0,0,0,0,0,-0.700445,-0.713706,0,0.713706,-0.700445,0,-0.490311,-0.851076,0,0.692862,-0.803466,0
1484422,0,0,0,0,0,0,-0.689692,-0.724103,0,0.724103,-0.689692,0,-0.479907,-0.862983,0,0.69809,-0.788496,0
1490042,0,0,0,0,0,0,-0.678784,-0.734338,0,0.734338,-0.678784,0,-0.469428,-0.874665,0,0.703056,-0.773545,0
1495661,0,0,0,0,0,0,-0.667724,-0.744409,0,0.744409,-0.667724,0,-0.458876,-0.886124,0,0.707767,-0.758618,0
1506900,0,0,0,0,0,0,-0.645159,-0.764049,0,0.764049,-0.645159,0,-0.43757,-0.908374,0,0.716438,-0.728846,0
1518139,0,0,0,0,0,0,-0.622016,-0.783005,0,0.783005,-0.622016,0,-0.416019,-0.929734,0,0.724142,-0.699197,0
1529377,0,0,0,0,0,0,-0.598317,-0.80126,0,0.80126,-0.598317,0,-0.394252,-0.95021,0,0.730914,-0.669685,0
1540616,0,0,0,0,0,0,-0.574082,-0.818798,0,0.818798,-0.574082,0,-0.372296,-0.969804,0,0.736791,-0.640318,0
1551855,0,0,0,0,0,0,-0.549333,-0.835603,0,0.835603,-0.549333,0,-0.350177,-0.988523,0,0.741809,-0.611099,0
1563094,0,0,0,0,0,0,-0.524093,-0.851661,0,0.851661,-0.524093,0,-0.32792,-1.006369,0,0.746001,-0.582029,0
1574333,0,0,0,0,0,0,-0.498384,-0.866956,0,0.866956,-0.498384,0,-0.30555,-1.023348,0,0.749401,-0.553104,0
1585571,0,0,0,0,0,0,-0.472229,-0.881476,0,0.881476,-0.472229,0,-0.283089,-1.039464,0,0.75204,-0.524314,0
1596810,0,0,0,0,0,0,-0.445651,-0.895207,0,0.895207,-0.445651,0,-0.260561,-1.054721,0,0.753949,-0.495649,0
1608049,0,0,0,0,0,0,-0.418675,-0.908136,0,0.908136,-0.418675,0,-0.237986,-1.069121,0,0.755159,-0.467095,0
1619288,0,0,0,0,0,0,-0.391323,-0.920253,0,0.920253,-0.391323,0,-0.215384,-1.082669,0,0.7557,-0.438633,0
1630527,0,0,0,0,0,0,-0.363622,-0.931547,0,0.931547,-0.363622,0,-0.192777,-1.095366,0,0.7556,-0.410246,0
1641765,0,0,0,0,0,0,-0.335595,-0.942006,0,0.942006,-0.335595,0,-0.170181,-1.107215,0,0.75489,-0.381909,0
1653004,0,0,0,0,0,0,-0.307268,-0.951623,0,0.951623,-0.307268,0,-0.147616,-1.118217,0,0.753598,-0.353599,0
1664243,0,0,0,0,0,0,-0.278666,-0.960388,0,0.960388,-0.278666,0,-0.125097,-1.128372,0,0.751756,-0.32529,0
1675482,0,0,0,0,0,0,-0.249814,-0.968294,0,0.968294,-0.249814,0,-0.102642,-1.13768,0,0.749395,-0.296955,0
1686721,0,0,0,0,0,0,-0.220739,-0.975333,0,0.975333,-0.220739,0,-0.080264,-1.146139,0,0.74655,-0.268564,0
1697960,0,0,0,0,0,0,-0.191467,-0.981499,0,0.981499,-0.191467,0,-0.057978,-1.153748,0,0.743254,-0.240091,0
1709198,0,0,0,0,0,0,-0.162023,-0.986787,0,0.986787,-0.162023,0,-0.035798,-1.160503,0,0.739547,-0.211507,0
1719313,0,0,0,0,0,0,-0.135398,-0.990791,0,0.990791,-0.135398,0,-0.015934,-1.16585,0,0.735893,-0.185665,0
1729428,0,0,0,0,0,0,-0.108676,-0.994077,0,0.994077,-0.108676,0,0.003827,-1.1705,0,0.731971,-0.159695,0
1739543,0,0,0,0,0,0,-0.081875,-0.996643,0,0.996643,-0.081875,0,0.02348,-1.174448,0,0.727813,-0.133584,0
1744601,0,0,0,0,0,0,-0.068451,-0.997655,0,0.997655,-0.068451,0,0.033263,-1.176158,0,0.725658,-0.120471,0
1749658,0,0,0,0,0,0,-0.055014,-0.998486,0,0.998486,-0.055014,0,0.043018,-1.177692,0,0.723457,-0.107319,0
1754716,0,0,0,0,0,0,-0.041568,-0.999136,0,0.999136,-0.041568,0,0.052742,-1.179048,0,0.721216,-0.094127,0
1759773,0,0,0,0,0,0,-0.028114,-0.999605,0,0.999605,-0.028114,0,0.062436,-1.180226,0,0.718938,-0.080895,0
1764830,0,0,0,0,0,0,-0.014655,-0.999893,0,0.999893,-0.014655,0,0.072099,-1.181226,0,0.716629,-0.067622,0
1769888,0,0,0,0,0,0,-0.001193,-0.999999,0,0.999999,-0.001193,0,0.081731,-1.182046,0,0.714293,-0.054308,0
1774945,0,0,0,0,0,0,0.012269,-0.999925,0,0.999925,0.012269,0,0.091331,-1.182688,0,0.711935,-0.040955,0
1780003,0,0,0,0,0,0,0.025729,-0.999669,0,0.999669,0.025729,0,0.100899,-1.183149,0,0.70956,-0.027563,0
1785060,0,0,0,0,0,0,0.039184,-0.999232,0,0.999232,0.039184,0,0.110435,-1.18343,0,0.707171,-0.014134,0
1790118,0,0,0,0,0,0,0.052632,-0.998614,0,0.998614,0.052632,0,0.119939,-1.183529,0,0.704773,-0.000668,0
1795175,0,0,0,0,0,0,0.06607,-0.997815,0,0.997815,0.06607,0,0.129411,-1.183447,0,0.70237,0.01283,0
1800233,0,0,0,0,0,0,0.079497,-0.996835,0,0.996835,0.079497,0,0.13885,-1.183184,0,0.699967,0.02636,0
1805290,0,0,0,0,0,0,0.092909,-0.995675,0,0.995675,0.092909,0,0.148257,-1.182738,0,0.697565,0.039919,0
1810348,0,0,0,0,0,0,0.106304,-0.994334,0,0.994334,0.106304,0,0.157632,-1.182109,0,0.69517,0.053502,0
1815405,0,0,0,0,0,0,0.11968,-0.992813,0,0.992813,0.11968,0,0.166974,-1.181297,0,0.692783,0.067108,0
1820463,0,0,0,0,0,0,0.133034,-0.991111,0,0.991111,0.133034,0,0.176285,-1.180302,0,0.690408,0.080731,0
1825520,0,0,0,0,0,0,0.146364,-0.989231,0,0.989231,0.146364,0,0.185563,-1.179123,0,0.688046,0.094369,0
1830577,0,0,0,0,0,0,0.159668,-0.987171,0,0.987171,0.159668,0,0.19481,-1.177761,0,0.685699,0.108016,0
1835635,0,0,0,0,0,0,0.172943,-0.984932,0,0.984932,0.172943,0,0.204026,-1.176215,0,0.683369,0.12167,0
1840692,0,0,0,0,0,0,0.186186,-0.982514,0,0.982514,0.186186,0,0.21321,-1.174485,0,0.681056,0.135324,0
1845750,0,0,0,0,0,0,0.199396,-0.979919,0,0.979919,0.199396,0,0.222363,-1.172571,0,0.67876,0.148976,0
1850807,0,0,0,0,0,0,0.212569,-0.977146,0,0.977146,0.212569,0,0.231485,-1.170474,0,0.676483,0.162619,0
1855865,0,0,0,0,0,0,0.225704,-0.974196,0,0.974196,0.225704,0,0.240577,-1.168193,0,0.674222,0.176251,0
1860922,0,0,0,0,0,0,0.238798,-0.971069,0,0.971069,0.238798,0,0.249638,-1.165729,0,0.671976,0.189866,0
1865980,0,0,0,0,0,0,0.251849,-0.967767,0,0.967767,0.251849,0,0.258669,-1.163081,0,0.669746,0.20346,0
1871037,0,0,0,0,0,0,0.264854,-0.964289,0,0.964289,0.264854,0,0.267671,-1.160251,0,0.667527,0.217029,0
1876095,0,0,0,0,0,0,0.277811,-0.960636,0,0.960636,0.277811,0,0.276642,-1.157238,0,0.665319,0.23057,0
1881152,0,0,0,0,0,0,0.290718,-0.956809,0,0.956809,0.290718,0,0.285584,-1.154043,0,0.663118,0.244078,0
1886210,0,0,0,0,0,0,0.303572,-0.952808,0,0.952808,0.303572,0,0.294497,-1.150666,0,0.660921,0.25755,0
1891267,0,0,0,0,0,0,0.316371,-0.948636,0,0.948636,0.316371,0,0.303379,-1.147109,0,0.658725,0.270984,0
1896325,0,0,0,0,0,0,0.329113,-0.944291,0,0.944291,0.329113,0,0.312232,-1.14337,0,0.656526,0.284375,0
1901382,0,0,0,0,0,0,0.341795,-0.939775,0,0.939775,0.341795,0,0.321056,-1.139452,0,0.65432,0.297723,0
1906439,0,0,0,0,0,0,0.354415,-0.935088,0,0.935088,0.354415,0,0.32985,-1.135354,0,0.652104,0.311024,0
1911497,0,0,0,0,0,0,0.366971,-0.930232,0,0.930232,0.366971,0,0.338613,-1.131078,0,0.649873,0.324277,0
1916554,0,0,0,0,0,0,0.37946,-0.925208,0,0.925208,0.37946,0,0.347347,-1.126624,0,0.647622,0.33748,0
1921612,0,0,0,0,0,0,0.391881,-0.920016,0,0.920016,0.391881,0,0.35605,-1.121992,0,0.645348,0.350632,0
1926669,0,0,0,0,0,0,0.404231,-0.914657,0,0.914657,0.404231,0,0.364723,-1.117183,0,0.643044,0.363732,0
1931727,0,0,0,0,0,0,0.416507,-0.909132,0,0.909132,0.416507,0,0.373364,-1.112199,0,0.640708,0.376779,0
1936784,0,0,0,0,0,0,0.428708,-0.903443,0,0.903443,0.428708,0,0.381973,-1.107039,0,0.638334,0.389773,0
1941842,0,0,0,0,0,0,0.440831,-0.89759,0,0.89759,0.440831,0,0.39055,-1.101705,0,0.635918,0.402715,0
1946899,0,0,0,0,0,0,0.452874,-0.891574,0,0.891574,0.452874,0,0.399095,-1.096196,0,0.633455,0.415604,0
1951957,0,0,0,0,0,0,0.464836,-0.885397,0,0.885397,0.464836,0,0.407606,-1.090515,0,0.63094,0.42844,0
1957014,0,0,0,0,0,0,0.476713,-0.879059,0,0.879059,0.476713,0,0.416082,-1.084661,0,0.62837,0.441224,0
1962072,0,0,0,0,0,0,0.488503,-0.872562,0,0.872562,0.488503,0,0.424524,-1.078635,0,0.625738,0.453957,0
1967129,0,0,0,0,0,0,0.500205,-0.865907,0,0.865907,0.500205,0,0.43293,-1.072439,0,0.623042,0.466639,0
1972186,0,0,0,0,0,0,0.511817,-0.859095,0,0.859095,0.511817,0,0.441299,-1.066071,0,0.620277,0.479273,0
1977244,0,0,0,0,0,0,0.523335,-0.852127,0,0.852127,0.523335,0,0.44963,-1.059535,0,0.617439,0.491858,0
1982301,0,0,0,0,0,0,0.534759,-0.845005,0,0.845005,0.534759,0,0.457923,-1.052829,0,0.614523,0.504396,0
1987359,0,0,0,0,0,0,0.546086,-0.837729,0,0.837729,0.546086,0,0.466175,-1.045954,0,0.611525,0.516888,0
1992416,0,0,0,0,0,0,0.557314,-0.830302,0,0.830302,0.557314,0,0.474387,-1.038912,0,0.608442,0.529336,0
1997474,0,0,0,0,0,0,0.568441,-0.822724,0,0.822724,0.568441,0,0.482557,-1.031702,0,0.60527,0.541742,0
2002531,0,0,0,0,0,0,0.579465,-0.814997,0,0.814997,0.579465,0,0.490684,-1.024326,0,0.602005,0.554105,0
2007589,0,0,0,0,0,0,0.590383,-0.807123,0,0.807123,0.590383,0,0.498765,-1.016783,0,0.598643,0.566429,0
2012646,0,0,0,0,0,0,0.601195,-0.799102,0,0.799102,0.601195,0,0.506801,-1.009075,0,0.59518,0.578713,0
2017704,0,0,0,0,0,0,0.611898,-0.790936,0,0.790936,0.611898,0,0.51479,-1.001202,0,0.591614,0.590961,0
2022761,0,0,0,0,0,0,0.62249,-0.782628,0,0.782628,0.62249,0,0.52273,-0.993164,0,0.58794,0.603173,0
2027819,0,0,0,0,0,0,0.63297,-0.774177,0,0.774177,0.63297,0,0.530619,-0.984962,0,0.584155,0.61535,0
2037934,0,0,0,0,0,0,0.653582,-0.756856,0,0.756856,0.653582,0,0.546242,-0.968067,0,0.57624,0.639605,0
2047037,0,0,0,0,0,0,0.671728,-0.740797,0,0.740797,0.671728,0,0.560115,-0.952305,0,0.568704,0.661328,0
2056140,0,0,0,0,0,0,0.689481,-0.724304,0,0.724304,0.689481,0,0.5738,-0.936017,0,0.560759,0.682957,0
2065244,0,0,0,0,0,0,0.706828,-0.707386,0,0.707386,0.706828,0,0.587288,-0.919207,0,0.552385,0.704496,0
2074347,0,0,0,0,0,0,0.72376,-0.690052,0,0.690052,0.72376,0,0.600568,-0.901875,0,0.543566,0.72595,0
2083451,0,0,0,0,0,0,0.740267,-0.672313,0,0.672313,0.740267,0,0.613628,-0.884025,0,0.534282,0.747322,0
2092554,0,0,0,0,0,0,0.75634,-0.654179,0,0.654179,0.75634,0,0.626457,-0.865657,0,0.524517,0.768612,0
2101658,0,0,0,0,0,0,0.771968,-0.635661,0,0.635661,0.771968,0,0.639044,-0.846775,0,0.514253,0.789821,0
2110761,0,0,0,0,0,0,0.787144,-0.61677,0,0.61677,0.787144,0,0.651376,-0.82738,0,0.503472,0.810948,0
2119864,0,0,0,0,0,0,0.801857,-0.597516,0,0.597516,0.801857,0,0.66344,-0.807474,0,0.492157,0.83199,0
2128968,0,0,0,0,0,0,0.816099,-0.577912,0,0.577912,0.816099,0,0.675224,-0.787059,0,0.480291,0.852942,0
2138071,0,0,0,0,0,0,0.829862,-0.557969,0,0.557969,0.829862,0,0.686713,-0.766138,0,0.467857,0.873797,0
2147175,0,0,0,0,0,0,0.843138,-0.537697,0,0.537697,0.843138,0,0.697893,-0.744712,0,0.454837,0.894548,0
2156278,0,0,0,0,0,0,0.855919,-0.517111,0,0.517111,0.855919,0,0.708751,-0.722785,0,0.441216,0.915184,0
2165382,0,0,0,0,0,0,0.868197,-0.49622,0,0.49622,0.868197,0,0.719271,-0.700359,0,0.426975,0.935693,0
2174485,0,0,0,0,0,0,0.879965,-0.475038,0,0.475038,0.879965,0,0.729439,-0.677439,0,0.412101,0.956061,0
2183588,0,0,0,0,0,0,0.891217,-0.453578,0,0.453578,0.891217,0,0.739238,-0.654026,0,0.396577,0.976269,0
2192692,0,0,0,0,0,0,0.901945,-0.43185,0,0.43185,0.901945,0,0.748653,-0.630126,0,0.380389,0.996299,0
2201795,0,0,0,0,0,0,0.912144,-0.40987,0,0.40987,0.912144,0,0.757668,-0.605743,0,0.363524,1.016128,0
2210899,0,0,0,0,0,0,0.921807,-0.387648,0,0.387648,0.921807,0,0.766266,-0.580882,0,0.345969,1.035732,0
2220002,0,0,0,0,0,0,0.930929,-0.3652,0,0.3652,0.930929,0,0.774429,-0.555549,0,0.327715,1.055083,0
2229106,0,0,0,0,0,0,0.939505,-0.342536,0,0.342536,0.939505,0,0.782142,-0.529751,0,0.308752,1.074148,0
2238209,0,0,0,0,0,0,0.947528,-0.319672,0,0.319672,0.947528,0,0.789387,-0.503494,0,0.289075,1.092894,0
2247313,0,0,0,0,0,0,0.954996,-0.296619,0,0.296619,0.954996,0,0.796146,-0.476787,0,0.268681,1.111283,0
2256416,0,0,0,0,0,0,0.961902,-0.273393,0,0.273393,0.961902,0,0.802403,-0.44964,0,0.247569,1.129273,0
2265519,0,0,0,0,0,0,0.968244,-0.250006,0,0.250006,0.968244,0,0.808139,-0.422062,0,0.225744,1.146819,0
2274623,0,0,0,0,0,0,0.974018,-0.226473,0,0.226473,0.974018,0,0.813337,-0.394064,0,0.203212,1.163871,0
2283726,0,0,0,0,0,0,0.979219,-0.202806,0,0.202806,0.979219,0,0.817982,-0.36566,0,0.179988,1.180376,0
2292830,0,0,0,0,0,0,0.983845,-0.17902,0,0.17902,0.983845,0,0.822055,-0.336863,0,0.156088,1.196276,0
2301933,0,0,0,0,0,0,0.987894,-0.155129,0,0.155129,0.987894,0,0.825541,-0.307689,0,0.131538,1.211509,0
2311037,0,0,0,0,0,0,0.991363,-0.131147,0,0.131147,0.991363,0,0.828425,-0.278154,0,0.106368,1.22601,0
2320140,0,0,0,0,0,0,0.994249,-0.107088,0,0.107088,0.994249,0,0.830691,-0.248278,0,0.080615,1.239708,0
2329243,0,0,0,0,0,0,0.996552,-0.082967,0,0.082967,0.996552,0,0.832327,-0.21808,0,0.054324,1.252529,0
2338347,0,0,0,0,0,0,0.99827,-0.058796,0,0.058796,0.99827,0,0.83332,-0.187583,0,0.027545,1.264393,0
2346540,0,0,0,0,0,0,0.999315,-0.037013,0,0.037013,0.999315,0,0.833655,-0.159899,0,0.003077,1.274187,0
2354733,0,0,0,0,0,0,0.999884,-0.015212,0,0.015212,0.999884,0,0.833452,-0.132012,0,-0.021691,1.283078,0
2362926,0,0,0,0,0,0,0.999978,0.006597,0,-0.006597,0.999978,0,0.832707,-0.103941,0,-0.046708,1.291004,0
2370300,0,0,0,0,0,0,0.999656,0.026222,0,-0.026222,0.999656,0,0.831568,-0.078539,0,-0.06939,1.297259,0
2377674,0,0,0,0,0,0,0.998949,0.045837,0,-0.045837,0.998949,0,0.829982,-0.053022,0,-0.092188,1.302634,0
2385048,0,0,0,0,0,0,0.997857,0.065434,0,-0.065434,0.997857,0,0.827948,-0.027409,0,-0.11506,1.307082,0
2392421,0,0,0,0,0,0,0.99638,0.085006,0,-0.085006,0.99638,0,0.825465,-0.001717,0,-0.137962,1.310559,0
2399058,0,0,0,0,0,0,0.994723,0.102593,0,-0.102593,0.994723,0,0.822846,0.021455,0,-0.158565,1.312822,0
2405694,0,0,0,0,0,0,0.992756,0.120148,0,-0.120148,0.992756,0,0.819863,0.04466,0,-0.179128,1.314235,0
2412331,0,0,0,0,0,0,0.990479,0.137666,0,-0.137666,0.990479,0,0.816518,0.067882,0,-0.19962,1.314773,0
2418967,0,0,0,0,0,0,0.987892,0.15514,0,-0.15514,0.987892,0,0.812811,0.091106,0,-0.220014,1.314411,0
2425603,0,0,0,0,0,0,0.984998,0.172566,0,-0.172566,0.984998,0,0.808745,0.114316,0,-0.240282,1.313132,0
2431576,0,0,0,0,0,0,0.98213,0.188204,0,-0.188204,0.98213,0,0.804781,0.135178,0,-0.258395,1.311184,0
2437549,0,0,0,0,0,0,0.979014,0.203794,0,-0.203794,0.979014,0,0.80053,0.156004,0,-0.276369,1.308474,0
2443522,0,0,0,0,0,0,0.97565,0.219333,0,-0.219333,0.97565,0,0.795994,0.17678,0,-0.294186,1.305,0
2449494,0,0,0,0,0,0,0.97204,0.234816,0,-0.234816,0.97204,0,0.791176,0.197495,0,-0.311832,1.30076,0
2455467,0,0,0,0,0,0,0.968184,0.25024,0,-0.25024,0.968184,0,0.78608,0.218137,0,-0.329293,1.29576,0
2461440,0,0,0,0,0,0,0.964083,0.2656,0,-0.2656,0.964083,0,0.780707,0.238693,0,-0.346554,1.290008,0
2467413,0,0,0,0,0,0,0.959739,0.280894,0,-0.280894,0.959739,0,0.775061,0.259152,0,-0.363603,1.283515,0
2473385,0,0,0,0,0,0,0.955152,0.296116,0,-0.296116,0.955152,0,0.769146,0.279501,0,-0.380428,1.276297,0
2479358,0,0,0,0,0,0,0.950324,0.311264,0,-0.311264,0.950324,0,0.762966,0.299731,0,-0.397016,1.268374,0
2485331,0,0,0,0,0,0,0.945255,0.326333,0,-0.326333,0.945255,0,0.756524,0.319829,0,-0.413356,1.259766,0
2491304,0,0,0,0,0,0,0.939947,0.341319,0,-0.341319,0.939947,0,0.749824,0.339784,0,-0.429436,1.250499,0
2497277,0,0,0,0,0,0,0.934402,0.356219,0,-0.356219,0.934402,0,0.74287,0.359588,0,-0.445246,1.240599,0
2503249,0,0,0,0,0,0,0.928621,0.371029,0,-0.371029,0.928621,0,0.735667,0.379229,0,-0.460774,1.230094,0
2509222,0,0,0,0,0,0,0.922605,0.385746,0,-0.385746,0.922605,0,0.72822,0.398699,0,-0.476009,1.219016,0
2515195,0,0,0,0,0,0,0.916356,0.400364,0,-0.400364,0.916356,0,0.720533,0.417988,0,-0.490942,1.207394,0
2521168,0,0,0,0,0,0,0.909875,0.414882,0,-0.414882,0.909875,0,0.712611,0.437088,0,-0.505563,1.195261,0
2527140,0,0,0,0,0,0,0.903164,0.429295,0,-0.429295,0.903164,0,0.704459,0.455991,0,-0.519861,1.182648,0
2533113,0,0,0,0,0,0,0.896225,0.443599,0,-0.443599,0.896225,0,0.696083,0.47469,0,-0.533828,1.169587,0
2539086,0,0,0,0,0,0,0.88906,0.457791,0,-0.457791,0.88906,0,0.687487,0.493179,0,-0.547456,1.156111,0
2545059,0,0,0,0,0,0,0.881669,0.471868,0,-0.471868,0.881669,0,0.678677,0.51145,0,-0.560737,1.142249,0
2551031,0,0,0,0,0,0,0.874056,0.485825,0,-0.485825,0.874056,0,0.669659,0.529497,0,-0.573664,1.128033,0
2557004,0,0,0,0,0,0,0.866222,0.499659,0,-0.499659,0.866222,0,0.660438,0.547316,0,-0.586232,1.113492,0
2562977,0,0,0,0,0,0,0.858169,0.513367,0,-0.513367,0.858169,0,0.65102,0.564902,0,-0.598434,1.098654,0
2568950,0,0,0,0,0,0,0.849899,0.526946,0,-0.526946,0.849899,0,0.641411,0.582249,0,-0.610267,1.083546,0
2574922,0,0,0,0,0,0,0.841414,0.540391,0,-0.540391,0.841414,0,0.631617,0.599354,0,-0.621728,1.068195,0
2580895,0,0,0,0,0,0,0.832717,0.553699,0,-0.553699,0.832717,0,0.621644,0.616214,0,-0.632813,1.052626,0
2586868,0,0,0,0,0,0,0.823809,0.566868,0,-0.566868,0.823809,0,0.611497,0.632824,0,-0.643521,1.036863,0
2592841,0,0,0,0,0,0,0.814693,0.579893,0,-0.579893,0.814693,0,0.601184,0.649182,0,-0.653852,1.020927,0
2598814,0,0,0,0,0,0,0.805371,0.592772,0,-0.592772,0.805371,0,0.590709,0.665286,0,-0.663805,1.00484,0
2604786,0,0,0,0,0,0,0.795845,0.605501,0,-0.605501,0.795845,0,0.580078,0.681133,0,-0.673381,0.988621,0
2610759,0,0,0,0,0,0,0.786118,0.618076,0,-0.618076,0.786118,0,0.569299,0.696721,0,-0.682582,0.972291,0
2616732,0,0,0,0,0,0,0.776193,0.630496,0,-0.630496,0.776193,0,0.558376,0.712049,0,-0.69141,0.955865,0
2622705,0,0,0,0,0,0,0.766071,0.642756,0,-0.642756,0.766071,0,0.547316,0.727115,0,-0.699867,0.93936,0
2628677,0,0,0,0,0,0,0.755755,0.654854,0,-0.654854,0.755755,0,0.536124,0.741918,0,-0.707957,0.922793,0
2634650,0,0,0,0,0,0,0.745249,0.666786,0,-0.666786,0.745249,0,0.524807,0.756457,0,-0.715683,0.906175,0
2640623,0,0,0,0,0,0,0.734554,0.67855,0,-0.67855,0.734554,0,0.513369,0.770731,0,-0.72305,0.889522,0
2646596,0,0,0,0,0,0,0.723674,0.690142,0,-0.690142,0.723674,0,0.501818,0.784741,0,-0.730063,0.872844,0
2652568,0,0,0,0,0,0,0.712611,0.70156,0,-0.70156,0.712611,0,0.490157,0.798485,0,-0.736725,0.856154,0
2658541,0,0,0,0,0,0,0.701367,0.7128,0,-0.7128,0.701367,0,0.478393,0.811964,0,-0.743044,0.83946,0
2664514,0,0,0,0,0,0,0.689946,0.72386,0,-0.72386,0.689946,0,0.466532,0.825178,0,-0.749023,0.822774,0
2670487,0,0,0,0,0,0,0.678351,0.734738,0,-0.734738,0.678351,0,0.454578,0.838126,0,-0.75467,0.806102,0
2676459,0,0,0,0,0,0,0.666585,0.745429,0,-0.745429,0.666585,0,0.442537,0.85081,0,-0.759988,0.789453,0
2682432,0,0,0,0,0,0,0.65465,0.755932,0,-0.755932,0.65465,0,0.430414,0.863229,0,-0.764986,0.772834,0
2688405,0,0,0,0,0,0,0.642549,0.766245,0,-0.766245,0.642549,0,0.418214,0.875384,0,-0.769668,0.756252,0
2694378,0,0,0,0,0,0,0.630286,0.776363,0,-0.776363,0.630286,0,0.405943,0.887276,0,-0.77404,0.739711,0
2700351,0,0,0,0,0,0,0.617864,0.786285,0,-0.786285,0.617864,0,0.393604,0.898905,0,-0.77811,0.723217,0
2706323,0,0,0,0,0,0,0.605285,0.796009,0,-0.796009,0.605285,0,0.381202,0.910273,0,-0.781882,0.706775,0
2712296,0,0,0,0,0,0,0.592554,0.805531,0,-0.805531,0.592554,0,0.368743,0.921379,0,-0.785364,0.690388,0
2718269,0,0,0,0,0,0,0.579673,0.814849,0,-0.814849,0.579673,0,0.356231,0.932226,0,-0.788561,0.674059,0
2724242,0,0,0,0,0,0,0.566645,0.823962,0,-0.823962,0.566645,0,0.343671,0.942813,0,-0.791479,0.657792,0
2730214,0,0,0,0,0,0,0.553474,0.832866,0,-0.832866,0.553474,0,0.331066,0.953142,0,-0.794124,0.641589,0
2742160,0,0,0,0,0,0,0.526716,0.850041,0,-0.850041,0.526716,0,0.305741,0.97303,0,-0.798619,0.609381,0
2754105,0,0,0,0,0,0,0.499425,0.866357,0,-0.866357,0.499425,0,0.280289,0.991898,0,-0.802092,0.577446,0
2766051,0,0,0,0,0,0,0.471629,0.881797,0,-0.881797,0.471629,0,0.254742,1.009755,0,-0.804587,0.545787,0
2777996,0,0,0,0,0,0,0.443357,0.896345,0,-0.896345,0.443357,0,0.229131,1.02661,0,-0.806145,0.514404,0
2789942,0,0,0,0,0,0,0.414636,0.909987,0,-0.909987,0.414636,0,0.203485,1.042472,0,-0.806808,0.48329,0
2801888,0,0,0,0,0,0,0.385496,0.922709,0,-0.922709,0.385496,0,0.177832,1.057348,0,-0.806612,0.452433,0
2813833,0,0,0,0,0,0,0.355967,0.934499,0,-0.934499,0.355967,0,0.152198,1.071247,0,-0.805596,0.421818,0
2825779,0,0,0,0,0,0,0.326077,0.945343,0,-0.945343,0.326077,0,0.126608,1.084176,0,-0.803792,0.391427,0
2837724,0,0,0,0,0,0,0.295858,0.955232,0,-0.955232,0.295858,0,0.101089,1.096141,0,-0.801236,0.361235,0
2849670,0,0,0,0,0,0,0.26534,0.964155,0,-0.964155,0.26534,0,0.075662,1.10715,0,-0.79796,0.331217,0
2861615,0,0,0,0,0,0,0.234553,0.972103,0,-0.972103,0.234553,0,0.05035,1.117207,0,-0.793995,0.301342,0
2873561,0,0,0,0,0,0,0.203529,0.979069,0,-0.979069,0.203529,0,0.025175,1.126315,0,-0.789374,0.271579,0
2885506,0,0,0,0,0,0,0.1723,0.985045,0,-0.985045,0.1723,0,0.000157,1.134478,0,-0.78413,0.241893,0
2897452,0,0,0,0,0,0,0.140896,0.990024,0,-0.990024,0.140896,0,-0.024685,1.141698,0,-0.778296,0.212246,0
2908203,0,0,0,0,0,0,0.11251,0.993651,0,-0.993651,0.11251,0,-0.046877,1.147391,0,-0.772572,0.185567,0
2918954,0,0,0,0,0,0,0.084032,0.996463,0,-0.996463,0.084032,0,-0.0689,1.152319,0,-0.766427,0.158861,0
2929705,0,0,0,0,0,0,0.055485,0.998459,0,-0.998459,0.055485,0,-0.09074,1.156483,0,-0.759892,0.132101,0
2940456,0,0,0,0,0,0,0.026893,0.999638,0,-0.999638,0.026893,0,-0.112389,1.159879,0,-0.753001,0.10526,0
2950132,0,0,0,0,0,0,0.001141,0.999999,0,-0.999999,0.001141,0,-0.1317,1.162278,0,-0.746521,0.081012,0
2959807,0,0,0,0,0,0,-0.024613,0.999697,0,-0.999697,-0.024613,0,-0.150841,1.164051,0,-0.739809,0.056662,0
2969483,0,0,0,0,0,0,-0.05035,0.998732,0,-0.998732,-0.05035,0,-0.169807,1.165196,0,-0.732893,0.032197,0
2979159,0,0,0,0,0,0,-0.076053,0.997104,0,-0.997104,-0.076053,0,-0.188593,1.165709,0,-0.725803,0.007605,0
2987867,0,0,0,0,0,0,-0.099144,0.995073,0,-0.995073,-0.099144,0,-0.205342,1.165628,0,-0.7193,-0.014642,0
2996576,0,0,0,0,0,0,-0.122181,0.992508,0,-0.992508,-0.122181,0,-0.221939,1.165029,0,-0.712707,-0.036999,0
3005284,0,0,0,0,0,0,-0.145153,0.989409,0,-0.989409,-0.145153,0,-0.238383,1.163911,0,-0.706046,-0.059464,0
3013992,0,0,0,0,0,0,-0.168047,0.985779,0,-0.985779,-0.168047,0,-0.254671,1.162272,0,-0.699341,-0.082033,0
3022701,0,0,0,0,0,0,-0.19085,0.981619,0,-0.981619,-0.19085,0,-0.270804,1.160108,0,-0.692614,-0.104697,0
3030538,0,0,0,0,0,0,-0.211286,0.977424,0,-0.977424,-0.211286,0,-0.285191,1.15771,0,-0.686557,-0.125168,0
3038376,0,0,0,0,0,0,-0.23163,0.972804,0,-0.972804,-0.23163,0,-0.299451,1.154885,0,-0.680511,-0.145697,0
3046213,0,0,0,0,0,0,-0.251873,0.96776,0,-0.96776,-0.251873,0,-0.313585,1.15163,0,-0.674488,-0.166271,0
3054050,0,0,0,0,0,0,-0.272006,0.962295,0,-0.962295,-0.272006,0,-0.327593,1.147947,0,-0.668496,-0.186876,0
3061888,0,0,0,0,0,0,-0.292021,0.956412,0,-0.956412,-0.292021,0,-0.341478,1.143833,0,-0.662543,-0.207497,0
3069725,0,0,0,0,0,0,-0.311909,0.950112,0,-0.950112,-0.311909,0,-0.355238,1.139289,0,-0.656632,-0.228119,0
3077563,0,0,0,0,0,0,-0.331661,0.943399,0,-0.943399,-0.331661,0,-0.368875,1.134315,0,-0.650764,-0.248723,0
3085400,0,0,0,0,0,0,-0.351269,0.936275,0,-0.936275,-0.351269,0,-0.382391,1.128911,0,-0.64494,-0.269294,0
3093238,0,0,0,0,0,0,-0.370724,0.928743,0,-0.928743,-0.370724,0,-0.395785,1.123079,0,-0.639153,-0.289816,0
3101075,0,0,0,0,0,0,-0.390018,0.920807,0,-0.920807,-0.390018,0,-0.40906,1.11682,0,-0.633399,-0.310272,0
3108913,0,0,0,0,0,0,-0.409141,0.912471,0,-0.912471,-0.409141,0,-0.422214,1.110134,0,-0.627667,-0.330648,0
3116750,0,0,0,0,0,0,-0.428087,0.903737,0,-0.903737,-0.428087,0,-0.435249,1.103024,0,-0.621948,-0.350931,0
3124588,0,0,0,0,0,0,-0.446847,0.894611,0,-0.894611,-0.446847,0,-0.448164,1.095492,0,-0.616228,-0.37111,0
3132425,0,0,0,0,0,0,-0.465412,0.885094,0,-0.885094,-0.465412,0,-0.46096,1.08754,0,-0.610494,-0.391175,0
3140263,0,0,0,0,0,0,-0.483774,0.875193,0,-0.875193,-0.483774,0,-0.473637,1.079171,0,-0.60473,-0.411117,0
3148100,0,0,0,0,0,0,-0.501926,0.864911,0,-0.864911,-0.501926,0,-0.486192,1.070388,0,-0.598921,-0.43093,0
3155937,0,0,0,0,0,0,-0.519859,0.854252,0,-0.854252,-0.519859,0,-0.498626,1.061192,0,-0.593048,-0.45061,0
3163775,0,0,0,0,0,0,-0.537567,0.843221,0,-0.843221,-0.537567,0,-0.510936,1.051587,0,-0.587097,-0.470152,0
3171612,0,0,0,0,0,0,-0.55504,0.831824,0,-0.831824,-0.55504,0,-0.523122,1.041576,0,-0.581049,-0.489556,0
3179450,0,0,0,0,0,0,-0.572271,0.820064,0,-0.820064,-0.572271,0,-0.535179,1.031162,0,-0.574887,-0.50882,0
3187287,0,0,0,0,0,0,-0.589254,0.807948,0,-0.807948,-0.589254,0,-0.547107,1.020347,0,-0.568595,-0.527946,0
3195125,0,0,0,0,0,0,-0.60598,0.79548,0,-0.79548,-0.60598,0,-0.558903,1.009134,0,-0.562157,-0.546935,0
3202962,0,0,0,0,0,0,-0.622443,0.782665,0,-0.782665,-0.622443,0,-0.570562,0.997527,0,-0.555555,-0.56579,0
3210800,0,0,0,0,0,0,-0.638634,0.769511,0,-0.769511,-0.638634,0,-0.582082,0.985528,0,-0.548775,-0.584512,0
3218637,0,0,0,0,0,0,-0.654548,0.756021,0,-0.756021,-0.654548,0,-0.593458,0.97314,0,-0.541802,-0.603107,0
3226475,0,0,0,0,0,0,-0.670176,0.742202,0,-0.742202,-0.670176,0,-0.604687,0.960365,0,-0.53462,-0.621576,0
3234312,0,0,0,0,0,0,-0.685513,0.72806,0,-0.72806,-0.685513,0,-0.615763,0.947206,0,-0.527215,-0.639924,0
3242150,0,0,0,0,0,0,-0.700552,0.713601,0,-0.713601,-0.700552,0,-0.626683,0.933665,0,-0.519574,-0.658155,0
3249987,0,0,0,0,0,0,-0.715286,0.698832,0,-0.698832,-0.715286,0,-0.63744,0.919745,0,-0.511683,-0.676272,0
3257824,0,0,0,0,0,0,-0.729708,0.683758,0,-0.683758,-0.729708,0,-0.648031,0.905449,0,-0.503529,-0.694279,0
3265662,0,0,0,0,0,0,-0.743813,0.668387,0,-0.668387,-0.743813,0,-0.658448,0.890778,0,-0.4951,-0.712178,0
3273499,0,0,0,0,0,0,-0.757594,0.652726,0,-0.652726,-0.757594,0,-0.668687,0.875734,0,-0.486383,-0.729972,0
3281337,0,0,0,0,0,0,-0.771046,0.63678,0,-0.63678,-0.771046,0,-0.67874,0.860321,0,-0.477366,-0.747663,0
3289174,0,0,0,0,0,0,-0.784162,0.620556,0,-0.620556,-0.784162,0,-0.688602,0.844539,0,-0.468036,-0.765254,0
3297012,0,0,0,0,0,0,-0.796936,0.604063,0,-0.604063,-0.796936,0,-0.698266,0.828391,0,-0.458384,-0.782744,0
3304849,0,0,0,0,0,0,-0.809364,0.587307,0,-0.587307,-0.809364,0,-0.707726,0.81188,0,-0.448396,-0.800135,0
3312687,0,0,0,0,0,0,-0.82144,0.570295,0,-0.570295,-0.82144,0,-0.716973,0.795007,0,-0.438062,-0.817427,0
3320524,0,0,0,0,0,0,-0.833158,0.553035,0,-0.553035,-0.833158,0,-0.726001,0.777774,0,-0.427371,-0.834618,0
3328362,0,0,0,0,0,0,-0.844513,0.535535,0,-0.535535,-0.844513,0,-0.734802,0.760184,0,-0.416311,-0.851706,0
3336199,0,0,0,0,0,0,-0.855501,0.517801,0,-0.517801,-0.855501,0,-0.743369,0.742238,0,-0.404871,-0.868689,0
3344037,0,0,0,0,0,0,-0.866117,0.499842,0,-0.499842,-0.866117,0,-0.751693,0.723939,0,-0.393042,-0.885563,0
3351874,0,0,0,0,0,0,-0.876355,0.481665,0,-0.481665,-0.876355,0,-0.759765,0.705289,0,-0.380812,-0.902324,0
3359711,0,0,0,0,0,0,-0.886212,0.463279,0,-0.463279,-0.886212,0,-0.767579,0.686291,0,-0.36817,-0.918967,0
3367549,0,0,0,0,0,0,-0.895684,0.444691,0,-0.444691,-0.895684,0,-0.775124,0.666946,0,-0.355108,-0.935485,0
3375386,0,0,0,0,0,0,-0.904766,0.42591,0,-0.42591,-0.904766,0,-0.782393,0.647259,0,-0.341614,-0.95187,0
3383224,0,0,0,0,0,0,-0.913453,0.406943,0,-0.406943,-0.913453,0,-0.789375,0.627231,0,-0.327679,-0.968115,0
3391061,0,0,0,0,0,0,-0.921744,0.387799,0,-0.387799,-0.921744,0,-0.796062,0.606866,0,-0.313294,-0.984208,0
3398899,0,0,0,0,0,0,-0.929633,0.368487,0,-0.368487,-0.929633,0,-0.802444,0.586167,0,-0.298451,-1.00014,0
3406736,0,0,0,0,0,0,-0.937118,0.349014,0,-0.349014,-0.937118,0,-0.808511,0.565137,0,-0.28314,-1.015898,0
3414574,0,0,0,0,0,0,-0.944194,0.329389,0,-0.329389,-0.944194,0,-0.814254,0.54378,0,-0.267354,-1.031468,0
3422411,0,0,0,0,0,0,-0.95086,0.309621,0,-0.309621,-0.95086,0,-0.819663,0.522101,0,-0.251087,-1.046835,0
3430249,0,0,0,0,0,0,-0.957112,0.289718,0,-0.289718,-0.957112,0,-0.824727,0.500103,0,-0.234332,-1.061983,0
3438086,0,0,0,0,0,0,-0.962948,0.269688,0,-0.269688,-0.962948,0,-0.829437,0.477792,0,-0.217085,-1.076893,0
3445924,0,0,0,0,0,0,-0.968364,0.249542,0,-0.249542,-0.968364,0,-0.833782,0.455172,0,-0.199341,-1.091547,0
3453761,0,0,0,0,0,0,-0.973359,0.229287,0,-0.229287,-0.973359,0,-0.837751,0.432249,0,-0.181099,-1.105923,0
3461598,0,0,0,0,0,0,-0.97793,0.208932,0,-0.208932,-0.97793,0,-0.841334,0.40903,0,-0.162357,-1.119997,0
3469436,0,0,0,0,0,0,-0.982076,0.188486,0,-0.188486,-0.982076,0,-0.844522,0.38552,0,-0.143116,-1.133746,0
3477273,0,0,0,0,0,0,-0.985794,0.167958,0,-0.167958,-0.985794,0,-0.847302,0.361728,0,-0.12338,-1.147143,0
3485111,0,0,0,0,0,0,-0.989083,0.147358,0,-0.147358,-0.989083,0,-0.849666,0.337659,0,-0.103153,-1.16016,0
3492948,0,0,0,0,0,0,-0.991942,0.126692,0,-0.126692,-0.991942,0,-0.851603,0.313323,0,-0.082444,-1.172765,0
3500786,0,0,0,0,0,0,-0.994369,0.105972,0,-0.105972,-0.994369,0,-0.853103,0.288729,0,-0.061264,-1.184929,0
3508623,0,0,0,0,0,0,-0.996363,0.085206,0,-0.085206,-0.996363,0,-0.854156,0.263886,0,-0.039624,-1.196615,0
3516461,0,0,0,0,0,0,-0.997924,0.064403,0,-0.064403,-0.997924,0,-0.854753,0.238805,0,-0.017544,-1.207789,0
3524298,0,0,0,0,0,0,-0.99905,0.043571,0,-0.043571,-0.99905,0,-0.854885,0.213496,0,0.004957,-1.218413,0
3532136,0,0,0,0,0,0,-0.999742,0.022721,0,-0.022721,-0.999742,0,-0.854544,0.187971,0,0.027854,-1.228445,0
3539973,0,0,0,0,0,0,-0.999998,0.00186,0,-0.00186,-0.999998,0,-0.85372,0.162244,0,0.05112,-1.237846,0
3547811,0,0,0,0,0,0,-0.999819,-0.019001,0,0.019001,-0.999819,0,-0.852408,0.136327,0,0.074721,-1.246571,0
3555648,0,0,0,0,0,0,-0.999206,-0.039853,0,0.039853,-0.999206,0,-0.850601,0.110236,0,0.098621,-1.254576,0
3563485,0,0,0,0,0,0,-0.998157,-0.060689,0,0.060689,-0.998157,0,-0.848292,0.083986,0,0.122779,-1.261812,0
3571323,0,0,0,0,0,0,-0.996674,-0.081498,0,0.081498,-0.996674,0,-0.845476,0.057593,0,0.147152,-1.268232,0
3579160,0,0,0,0,0,0,-0.994757,-0.102272,0,0.102272,-0.994757,0,-0.842151,0.031076,0,0.171689,-1.273787,0
3586998,0,0,0,0,0,0,-0.992407,-0.123001,0,0.123001,-0.992407,0,-0.838312,0.004452,0,0.196341,-1.278426,0
3594835,0,0,0,0,0,0,-0.989625,-0.143676,0,0.143676,-0.989625,0,-0.833958,-0.022259,0,0.221053,-1.282099,0
3602673,0,0,0,0,0,0,-0.986412,-0.164289,0,0.164289,-0.986412,0,-0.829088,-0.049036,0,0.245768,-1.284757,0
3609726,0,0,0,0,0,0,-0.983154,-0.18278,0,0.18278,-0.983154,0,-0.824265,-0.073174,0,0.267968,-1.28624,0
3616780,0,0,0,0,0,0,-0.979549,-0.201207,0,0.201207,-0.979549,0,-0.819026,-0.097331,0,0.290083,-1.286826,0
3623834,0,0,0,0,0,0,-0.975599,-0.219562,0,0.219562,-0.975599,0,-0.813373,-0.121491,0,0.312072,-1.286483,0
3630888,0,0,0,0,0,0,-0.971304,-0.23784,0,0.23784,-0.971304,0,-0.807308,-0.145635,0,0.333895,-1.285183,0
3637236,0,0,0,0,0,0,-0.967147,-0.254219,0,0.254219,-0.967147,0,-0.801501,-0.167337,0,0.353363,-1.283171,0
3643584,0,0,0,0,0,0,-0.962713,-0.270525,0,0.270525,-0.962713,0,-0.795367,-0.188998,0,0.372638,-1.280348,0
3649933,0,0,0,0,0,0,-0.958004,-0.286754,0,0.286754,-0.958004,0,-0.788909,-0.210604,0,0.391698,-1.276698,0
3656281,0,0,0,0,0,0,-0.953022,-0.302901,0,0.302901,-0.953022,0,-0.78213,-0.232142,0,0.410517,-1.272215,0
3662629,0,0,0,0,0,0,-0.947768,-0.318961,0,0.318961,-0.947768,0,-0.775036,-0.253596,0,0.429077,-1.266893,0
3667561,0,0,0,0,0,0,-0.943499,-0.331375,0,0.331375,-0.943499,0,-0.76931,-0.270196,0,0.443302,-1.26218,0
